text,label
cross-team collaboration unblocked critical paths and accelerated delivery. the sprint included a mix of exploratory work and maintenance with standard reviews,positive
communication gaps between teams create duplicated work and conflicting priorities. the sprint included a mix of exploratory work and maintenance with standard reviews,negative
stakeholder updates were provided on schedule and artifacts were archived. cross-team collaboration unblocked critical paths and accelerated delivery,neutral
requirements keep changing without proper change control leading to scope creep. several dependencies were coordinated with external teams according to the plan,negative
work progressed according to the roadmap with minor adjustments and routine checks. cross-team collaboration unblocked critical paths and accelerated delivery,neutral
clear goals and documentation aligned the team and improved focus. several dependencies were coordinated with external teams according to the plan,positive
clear goals and documentation aligned the team and improved focus. tests executed as part of the routine pipeline and baseline metrics remained stable,positive
work progressed according to the roadmap with minor adjustments and routine checks. the latest release exceeded our reliability targets and improved customer satisfaction,neutral
resource constraints and over-allocation are undermining predictability of delivery. several dependencies were coordinated with external teams according to the plan,negative
cross-team collaboration unblocked critical paths and accelerated delivery. work progressed according to the roadmap with minor adjustments and routine checks,positive
"More research is needed before moving forward.. In practical terms, this means we can make better trade-offs and plan more effectively",neutral
requirements keep changing without proper change control leading to scope creep. the sprint included a mix of exploratory work and maintenance with standard reviews,negative
the sprint included a mix of exploratory work and maintenance with standard reviews. automation reduced manual toil and boosted overall developer productivity,neutral
"Outstanding proposal with clear benefits for all stakeholders.. In practical terms, this means we can make better trade-offs and plan more effectively",positive
quality regressions remain unresolved despite multiple reports and the feedback loop is slow. stakeholder updates were provided on schedule and artifacts were archived,negative
automation reduced manual toil and boosted overall developer productivity. the sprint included a mix of exploratory work and maintenance with standard reviews,positive
significant delays across milestones and unclear ownership are causing repeated blockers. the sprint included a mix of exploratory work and maintenance with standard reviews,negative
quality regressions remain unresolved despite multiple reports and the feedback loop is slow. the sprint included a mix of exploratory work and maintenance with standard reviews,negative
significant delays across milestones and unclear ownership are causing repeated blockers. work progressed according to the roadmap with minor adjustments and routine checks,negative
automation reduced manual toil and boosted overall developer productivity. the sprint included a mix of exploratory work and maintenance with standard reviews,positive
significant delays across milestones and unclear ownership are causing repeated blockers. tests executed as part of the routine pipeline and baseline metrics remained stable,negative
"I support this amendment to the healthcare bill.. In practical terms, this means we can make better trade-offs and plan more effectively",positive
several dependencies were coordinated with external teams according to the plan. the latest release exceeded our reliability targets and improved customer satisfaction,neutral
cross-team collaboration unblocked critical paths and accelerated delivery. tests executed as part of the routine pipeline and baseline metrics remained stable,positive
resource constraints and over-allocation are undermining predictability of delivery. stakeholder updates were provided on schedule and artifacts were archived,negative
automation reduced manual toil and boosted overall developer productivity. work progressed according to the roadmap with minor adjustments and routine checks,positive
several dependencies were coordinated with external teams according to the plan. the latest release exceeded our reliability targets and improved customer satisfaction,neutral
tests executed as part of the routine pipeline and baseline metrics remained stable. performance optimizations delivered noticeable gains and reduced costs,neutral
clear goals and documentation aligned the team and improved focus. several dependencies were coordinated with external teams according to the plan,positive
automation reduced manual toil and boosted overall developer productivity. the sprint included a mix of exploratory work and maintenance with standard reviews,positive
automation reduced manual toil and boosted overall developer productivity. work progressed according to the roadmap with minor adjustments and routine checks,positive
the sprint included a mix of exploratory work and maintenance with standard reviews. the latest release exceeded our reliability targets and improved customer satisfaction,neutral
cross-team collaboration unblocked critical paths and accelerated delivery. the sprint included a mix of exploratory work and maintenance with standard reviews,positive
tests executed as part of the routine pipeline and baseline metrics remained stable. cross-team collaboration unblocked critical paths and accelerated delivery,neutral
quality regressions remain unresolved despite multiple reports and the feedback loop is slow. tests executed as part of the routine pipeline and baseline metrics remained stable,negative
quality regressions remain unresolved despite multiple reports and the feedback loop is slow. work progressed according to the roadmap with minor adjustments and routine checks,negative
cross-team collaboration unblocked critical paths and accelerated delivery. several dependencies were coordinated with external teams according to the plan,positive
resource constraints and over-allocation are undermining predictability of delivery. stakeholder updates were provided on schedule and artifacts were archived,negative
the latest release exceeded our reliability targets and improved customer satisfaction. tests executed as part of the routine pipeline and baseline metrics remained stable,positive
automation reduced manual toil and boosted overall developer productivity. the sprint included a mix of exploratory work and maintenance with standard reviews,positive
"A thoughtful approach to addressing this challenge.. In practical terms, this means we can make better trade-offs and plan more effectively",positive
cross-team collaboration unblocked critical paths and accelerated delivery. the sprint included a mix of exploratory work and maintenance with standard reviews,positive
significant delays across milestones and unclear ownership are causing repeated blockers. work progressed according to the roadmap with minor adjustments and routine checks,negative
communication gaps between teams create duplicated work and conflicting priorities. work progressed according to the roadmap with minor adjustments and routine checks,negative
quality regressions remain unresolved despite multiple reports and the feedback loop is slow. tests executed as part of the routine pipeline and baseline metrics remained stable,negative
tests executed as part of the routine pipeline and baseline metrics remained stable. performance optimizations delivered noticeable gains and reduced costs,neutral
significant delays across milestones and unclear ownership are causing repeated blockers. tests executed as part of the routine pipeline and baseline metrics remained stable,negative
requirements keep changing without proper change control leading to scope creep. work progressed according to the roadmap with minor adjustments and routine checks,negative
communication gaps between teams create duplicated work and conflicting priorities. work progressed according to the roadmap with minor adjustments and routine checks,negative
several dependencies were coordinated with external teams according to the plan. performance optimizations delivered noticeable gains and reduced costs,neutral
communication gaps between teams create duplicated work and conflicting priorities. the sprint included a mix of exploratory work and maintenance with standard reviews,negative
requirements keep changing without proper change control leading to scope creep. work progressed according to the roadmap with minor adjustments and routine checks,negative
tests executed as part of the routine pipeline and baseline metrics remained stable. cross-team collaboration unblocked critical paths and accelerated delivery,neutral
resource constraints and over-allocation are undermining predictability of delivery. several dependencies were coordinated with external teams according to the plan,negative
cross-team collaboration unblocked critical paths and accelerated delivery. tests executed as part of the routine pipeline and baseline metrics remained stable,positive
stakeholder updates were provided on schedule and artifacts were archived. cross-team collaboration unblocked critical paths and accelerated delivery,neutral
quality regressions remain unresolved despite multiple reports and the feedback loop is slow. the sprint included a mix of exploratory work and maintenance with standard reviews,negative
automation reduced manual toil and boosted overall developer productivity. tests executed as part of the routine pipeline and baseline metrics remained stable,positive
quality regressions remain unresolved despite multiple reports and the feedback loop is slow. stakeholder updates were provided on schedule and artifacts were archived,negative
the sprint included a mix of exploratory work and maintenance with standard reviews. the latest release exceeded our reliability targets and improved customer satisfaction,neutral
the latest release exceeded our reliability targets and improved customer satisfaction. tests executed as part of the routine pipeline and baseline metrics remained stable,positive
work progressed according to the roadmap with minor adjustments and routine checks. cross-team collaboration unblocked critical paths and accelerated delivery,neutral
requirements keep changing without proper change control leading to scope creep. work progressed according to the roadmap with minor adjustments and routine checks,negative
tests executed as part of the routine pipeline and baseline metrics remained stable. performance optimizations delivered noticeable gains and reduced costs,neutral
communication gaps between teams create duplicated work and conflicting priorities. the sprint included a mix of exploratory work and maintenance with standard reviews,negative
"More transparency is needed in the decision-making process.. In practical terms, this means we can make better trade-offs and plan more effectively",neutral
performance optimizations delivered noticeable gains and reduced costs. tests executed as part of the routine pipeline and baseline metrics remained stable,positive
significant delays across milestones and unclear ownership are causing repeated blockers. stakeholder updates were provided on schedule and artifacts were archived,negative
stakeholder updates were provided on schedule and artifacts were archived. cross-team collaboration unblocked critical paths and accelerated delivery,neutral
the latest release exceeded our reliability targets and improved customer satisfaction. the sprint included a mix of exploratory work and maintenance with standard reviews,positive
clear goals and documentation aligned the team and improved focus. work progressed according to the roadmap with minor adjustments and routine checks,positive
stakeholder updates were provided on schedule and artifacts were archived. the latest release exceeded our reliability targets and improved customer satisfaction,neutral
cross-team collaboration unblocked critical paths and accelerated delivery. stakeholder updates were provided on schedule and artifacts were archived,positive
the latest release exceeded our reliability targets and improved customer satisfaction. stakeholder updates were provided on schedule and artifacts were archived,positive
quality regressions remain unresolved despite multiple reports and the feedback loop is slow. the sprint included a mix of exploratory work and maintenance with standard reviews,negative
stakeholder updates were provided on schedule and artifacts were archived. cross-team collaboration unblocked critical paths and accelerated delivery,neutral
stakeholder updates were provided on schedule and artifacts were archived. clear goals and documentation aligned the team and improved focus,neutral
work progressed according to the roadmap with minor adjustments and routine checks. performance optimizations delivered noticeable gains and reduced costs,neutral
the sprint included a mix of exploratory work and maintenance with standard reviews. the latest release exceeded our reliability targets and improved customer satisfaction,neutral
quality regressions remain unresolved despite multiple reports and the feedback loop is slow. several dependencies were coordinated with external teams according to the plan,negative
tests executed as part of the routine pipeline and baseline metrics remained stable. automation reduced manual toil and boosted overall developer productivity,neutral
automation reduced manual toil and boosted overall developer productivity. work progressed according to the roadmap with minor adjustments and routine checks,positive
performance optimizations delivered noticeable gains and reduced costs. the sprint included a mix of exploratory work and maintenance with standard reviews,positive
cross-team collaboration unblocked critical paths and accelerated delivery. several dependencies were coordinated with external teams according to the plan,positive
"This policy will benefit small businesses significantly.. In practical terms, this means we can make better trade-offs and plan more effectively",positive
requirements keep changing without proper change control leading to scope creep. the sprint included a mix of exploratory work and maintenance with standard reviews,negative
"The costs are too high for the expected benefits.. In practical terms, this means we can make better trade-offs and plan more effectively",negative
requirements keep changing without proper change control leading to scope creep. tests executed as part of the routine pipeline and baseline metrics remained stable,negative
"This proposal needs more consideration before implementation.. In practical terms, this means we can make better trade-offs and plan more effectively",neutral
performance optimizations delivered noticeable gains and reduced costs. work progressed according to the roadmap with minor adjustments and routine checks,positive
requirements keep changing without proper change control leading to scope creep. stakeholder updates were provided on schedule and artifacts were archived,negative
quality regressions remain unresolved despite multiple reports and the feedback loop is slow. tests executed as part of the routine pipeline and baseline metrics remained stable,negative
automation reduced manual toil and boosted overall developer productivity. tests executed as part of the routine pipeline and baseline metrics remained stable,positive
several dependencies were coordinated with external teams according to the plan. cross-team collaboration unblocked critical paths and accelerated delivery,neutral
work progressed according to the roadmap with minor adjustments and routine checks. the latest release exceeded our reliability targets and improved customer satisfaction,neutral
"The implementation details are unclear and concerning.. In practical terms, this means we can make better trade-offs and plan more effectively",negative
significant delays across milestones and unclear ownership are causing repeated blockers. the sprint included a mix of exploratory work and maintenance with standard reviews,negative
stakeholder updates were provided on schedule and artifacts were archived. cross-team collaboration unblocked critical paths and accelerated delivery,neutral
work progressed according to the roadmap with minor adjustments and routine checks. cross-team collaboration unblocked critical paths and accelerated delivery,neutral
stakeholder updates were provided on schedule and artifacts were archived. the latest release exceeded our reliability targets and improved customer satisfaction,neutral
requirements keep changing without proper change control leading to scope creep. several dependencies were coordinated with external teams according to the plan,negative
cross-team collaboration unblocked critical paths and accelerated delivery. tests executed as part of the routine pipeline and baseline metrics remained stable,positive
stakeholder updates were provided on schedule and artifacts were archived. performance optimizations delivered noticeable gains and reduced costs,neutral
significant delays across milestones and unclear ownership are causing repeated blockers. tests executed as part of the routine pipeline and baseline metrics remained stable,negative
the sprint included a mix of exploratory work and maintenance with standard reviews. the latest release exceeded our reliability targets and improved customer satisfaction,neutral
significant delays across milestones and unclear ownership are causing repeated blockers. the sprint included a mix of exploratory work and maintenance with standard reviews,negative
requirements keep changing without proper change control leading to scope creep. several dependencies were coordinated with external teams according to the plan,negative
stakeholder updates were provided on schedule and artifacts were archived. cross-team collaboration unblocked critical paths and accelerated delivery,neutral
cross-team collaboration unblocked critical paths and accelerated delivery. work progressed according to the roadmap with minor adjustments and routine checks,positive
clear goals and documentation aligned the team and improved focus. work progressed according to the roadmap with minor adjustments and routine checks,positive
resource constraints and over-allocation are undermining predictability of delivery. the sprint included a mix of exploratory work and maintenance with standard reviews,negative
clear goals and documentation aligned the team and improved focus. the sprint included a mix of exploratory work and maintenance with standard reviews,positive
clear goals and documentation aligned the team and improved focus. work progressed according to the roadmap with minor adjustments and routine checks,positive
several dependencies were coordinated with external teams according to the plan. performance optimizations delivered noticeable gains and reduced costs,neutral
"The potential negative consequences are too significant.. In practical terms, this means we can make better trade-offs and plan more effectively",negative
the sprint included a mix of exploratory work and maintenance with standard reviews. clear goals and documentation aligned the team and improved focus,neutral
cross-team collaboration unblocked critical paths and accelerated delivery. stakeholder updates were provided on schedule and artifacts were archived,positive
significant delays across milestones and unclear ownership are causing repeated blockers. tests executed as part of the routine pipeline and baseline metrics remained stable,negative
performance optimizations delivered noticeable gains and reduced costs. work progressed according to the roadmap with minor adjustments and routine checks,positive
quality regressions remain unresolved despite multiple reports and the feedback loop is slow. stakeholder updates were provided on schedule and artifacts were archived,negative
the sprint included a mix of exploratory work and maintenance with standard reviews. performance optimizations delivered noticeable gains and reduced costs,neutral
the sprint included a mix of exploratory work and maintenance with standard reviews. cross-team collaboration unblocked critical paths and accelerated delivery,neutral
clear goals and documentation aligned the team and improved focus. work progressed according to the roadmap with minor adjustments and routine checks,positive
stakeholder updates were provided on schedule and artifacts were archived. automation reduced manual toil and boosted overall developer productivity,neutral
work progressed according to the roadmap with minor adjustments and routine checks. performance optimizations delivered noticeable gains and reduced costs,neutral
automation reduced manual toil and boosted overall developer productivity. several dependencies were coordinated with external teams according to the plan,positive
performance optimizations delivered noticeable gains and reduced costs. stakeholder updates were provided on schedule and artifacts were archived,positive
resource constraints and over-allocation are undermining predictability of delivery. stakeholder updates were provided on schedule and artifacts were archived,negative
significant delays across milestones and unclear ownership are causing repeated blockers. the sprint included a mix of exploratory work and maintenance with standard reviews,negative
cross-team collaboration unblocked critical paths and accelerated delivery. the sprint included a mix of exploratory work and maintenance with standard reviews,positive
requirements keep changing without proper change control leading to scope creep. stakeholder updates were provided on schedule and artifacts were archived,negative
work progressed according to the roadmap with minor adjustments and routine checks. cross-team collaboration unblocked critical paths and accelerated delivery,neutral
resource constraints and over-allocation are undermining predictability of delivery. work progressed according to the roadmap with minor adjustments and routine checks,negative
work progressed according to the roadmap with minor adjustments and routine checks. cross-team collaboration unblocked critical paths and accelerated delivery,neutral
automation reduced manual toil and boosted overall developer productivity. work progressed according to the roadmap with minor adjustments and routine checks,positive
quality regressions remain unresolved despite multiple reports and the feedback loop is slow. work progressed according to the roadmap with minor adjustments and routine checks,negative
"This is exactly what we need right now.. In practical terms, this means we can make better trade-offs and plan more effectively",positive
"I disagree with the proposed tax changes.. In practical terms, this means we can make better trade-offs and plan more effectively",negative
automation reduced manual toil and boosted overall developer productivity. the sprint included a mix of exploratory work and maintenance with standard reviews,positive
clear goals and documentation aligned the team and improved focus. tests executed as part of the routine pipeline and baseline metrics remained stable,positive
stakeholder updates were provided on schedule and artifacts were archived. clear goals and documentation aligned the team and improved focus,neutral
clear goals and documentation aligned the team and improved focus. work progressed according to the roadmap with minor adjustments and routine checks,positive
requirements keep changing without proper change control leading to scope creep. several dependencies were coordinated with external teams according to the plan,negative
work progressed according to the roadmap with minor adjustments and routine checks. cross-team collaboration unblocked critical paths and accelerated delivery,neutral
cross-team collaboration unblocked critical paths and accelerated delivery. stakeholder updates were provided on schedule and artifacts were archived,positive
tests executed as part of the routine pipeline and baseline metrics remained stable. automation reduced manual toil and boosted overall developer productivity,neutral
"A well-thought-out solution to a pressing problem.. In practical terms, this means we can make better trade-offs and plan more effectively",positive
significant delays across milestones and unclear ownership are causing repeated blockers. tests executed as part of the routine pipeline and baseline metrics remained stable,negative
significant delays across milestones and unclear ownership are causing repeated blockers. stakeholder updates were provided on schedule and artifacts were archived,negative
"The environmental impact is concerning.. In practical terms, this means we can make better trade-offs and plan more effectively",negative
work progressed according to the roadmap with minor adjustments and routine checks. automation reduced manual toil and boosted overall developer productivity,neutral
work progressed according to the roadmap with minor adjustments and routine checks. cross-team collaboration unblocked critical paths and accelerated delivery,neutral
stakeholder updates were provided on schedule and artifacts were archived. cross-team collaboration unblocked critical paths and accelerated delivery,neutral
the latest release exceeded our reliability targets and improved customer satisfaction. the sprint included a mix of exploratory work and maintenance with standard reviews,positive
stakeholder updates were provided on schedule and artifacts were archived. clear goals and documentation aligned the team and improved focus,neutral
resource constraints and over-allocation are undermining predictability of delivery. several dependencies were coordinated with external teams according to the plan,negative
significant delays across milestones and unclear ownership are causing repeated blockers. tests executed as part of the routine pipeline and baseline metrics remained stable,negative
significant delays across milestones and unclear ownership are causing repeated blockers. work progressed according to the roadmap with minor adjustments and routine checks,negative
the sprint included a mix of exploratory work and maintenance with standard reviews. cross-team collaboration unblocked critical paths and accelerated delivery,neutral
several dependencies were coordinated with external teams according to the plan. cross-team collaboration unblocked critical paths and accelerated delivery,neutral
performance optimizations delivered noticeable gains and reduced costs. tests executed as part of the routine pipeline and baseline metrics remained stable,positive
work progressed according to the roadmap with minor adjustments and routine checks. performance optimizations delivered noticeable gains and reduced costs,neutral
"Excellent work on addressing community concerns.. In practical terms, this means we can make better trade-offs and plan more effectively",positive
clear goals and documentation aligned the team and improved focus. the sprint included a mix of exploratory work and maintenance with standard reviews,positive
stakeholder updates were provided on schedule and artifacts were archived. clear goals and documentation aligned the team and improved focus,neutral
significant delays across milestones and unclear ownership are causing repeated blockers. several dependencies were coordinated with external teams according to the plan,negative
the sprint included a mix of exploratory work and maintenance with standard reviews. clear goals and documentation aligned the team and improved focus,neutral
work progressed according to the roadmap with minor adjustments and routine checks. performance optimizations delivered noticeable gains and reduced costs,neutral
tests executed as part of the routine pipeline and baseline metrics remained stable. clear goals and documentation aligned the team and improved focus,neutral
several dependencies were coordinated with external teams according to the plan. cross-team collaboration unblocked critical paths and accelerated delivery,neutral
automation reduced manual toil and boosted overall developer productivity. the sprint included a mix of exploratory work and maintenance with standard reviews,positive
"The proposal lacks sufficient detail for evaluation.. In practical terms, this means we can make better trade-offs and plan more effectively",neutral
tests executed as part of the routine pipeline and baseline metrics remained stable. performance optimizations delivered noticeable gains and reduced costs,neutral
work progressed according to the roadmap with minor adjustments and routine checks. clear goals and documentation aligned the team and improved focus,neutral
cross-team collaboration unblocked critical paths and accelerated delivery. tests executed as part of the routine pipeline and baseline metrics remained stable,positive
automation reduced manual toil and boosted overall developer productivity. work progressed according to the roadmap with minor adjustments and routine checks,positive
cross-team collaboration unblocked critical paths and accelerated delivery. stakeholder updates were provided on schedule and artifacts were archived,positive
stakeholder updates were provided on schedule and artifacts were archived. the latest release exceeded our reliability targets and improved customer satisfaction,neutral
resource constraints and over-allocation are undermining predictability of delivery. tests executed as part of the routine pipeline and baseline metrics remained stable,negative
performance optimizations delivered noticeable gains and reduced costs. work progressed according to the roadmap with minor adjustments and routine checks,positive
several dependencies were coordinated with external teams according to the plan. clear goals and documentation aligned the team and improved focus,neutral
the sprint included a mix of exploratory work and maintenance with standard reviews. cross-team collaboration unblocked critical paths and accelerated delivery,neutral
several dependencies were coordinated with external teams according to the plan. automation reduced manual toil and boosted overall developer productivity,neutral
resource constraints and over-allocation are undermining predictability of delivery. work progressed according to the roadmap with minor adjustments and routine checks,negative
communication gaps between teams create duplicated work and conflicting priorities. stakeholder updates were provided on schedule and artifacts were archived,negative
significant delays across milestones and unclear ownership are causing repeated blockers. several dependencies were coordinated with external teams according to the plan,negative
significant delays across milestones and unclear ownership are causing repeated blockers. work progressed according to the roadmap with minor adjustments and routine checks,negative
work progressed according to the roadmap with minor adjustments and routine checks. the latest release exceeded our reliability targets and improved customer satisfaction,neutral
quality regressions remain unresolved despite multiple reports and the feedback loop is slow. stakeholder updates were provided on schedule and artifacts were archived,negative
requirements keep changing without proper change control leading to scope creep. stakeholder updates were provided on schedule and artifacts were archived,negative
clear goals and documentation aligned the team and improved focus. work progressed according to the roadmap with minor adjustments and routine checks,positive
automation reduced manual toil and boosted overall developer productivity. several dependencies were coordinated with external teams according to the plan,positive
tests executed as part of the routine pipeline and baseline metrics remained stable. performance optimizations delivered noticeable gains and reduced costs,neutral
cross-team collaboration unblocked critical paths and accelerated delivery. the sprint included a mix of exploratory work and maintenance with standard reviews,positive
performance optimizations delivered noticeable gains and reduced costs. stakeholder updates were provided on schedule and artifacts were archived,positive
requirements keep changing without proper change control leading to scope creep. several dependencies were coordinated with external teams according to the plan,negative
significant delays across milestones and unclear ownership are causing repeated blockers. the sprint included a mix of exploratory work and maintenance with standard reviews,negative
requirements keep changing without proper change control leading to scope creep. several dependencies were coordinated with external teams according to the plan,negative
clear goals and documentation aligned the team and improved focus. tests executed as part of the routine pipeline and baseline metrics remained stable,positive
"This seems like a reasonable compromise.. In practical terms, this means we can make better trade-offs and plan more effectively",positive
communication gaps between teams create duplicated work and conflicting priorities. stakeholder updates were provided on schedule and artifacts were archived,negative
the sprint included a mix of exploratory work and maintenance with standard reviews. automation reduced manual toil and boosted overall developer productivity,neutral
the sprint included a mix of exploratory work and maintenance with standard reviews. automation reduced manual toil and boosted overall developer productivity,neutral
work progressed according to the roadmap with minor adjustments and routine checks. cross-team collaboration unblocked critical paths and accelerated delivery,neutral
several dependencies were coordinated with external teams according to the plan. cross-team collaboration unblocked critical paths and accelerated delivery,neutral
automation reduced manual toil and boosted overall developer productivity. the sprint included a mix of exploratory work and maintenance with standard reviews,positive
performance optimizations delivered noticeable gains and reduced costs. work progressed according to the roadmap with minor adjustments and routine checks,positive
stakeholder updates were provided on schedule and artifacts were archived. the latest release exceeded our reliability targets and improved customer satisfaction,neutral
cross-team collaboration unblocked critical paths and accelerated delivery. stakeholder updates were provided on schedule and artifacts were archived,positive
significant delays across milestones and unclear ownership are causing repeated blockers. the sprint included a mix of exploratory work and maintenance with standard reviews,negative
automation reduced manual toil and boosted overall developer productivity. stakeholder updates were provided on schedule and artifacts were archived,positive
requirements keep changing without proper change control leading to scope creep. work progressed according to the roadmap with minor adjustments and routine checks,negative
several dependencies were coordinated with external teams according to the plan. the latest release exceeded our reliability targets and improved customer satisfaction,neutral
clear goals and documentation aligned the team and improved focus. tests executed as part of the routine pipeline and baseline metrics remained stable,positive
automation reduced manual toil and boosted overall developer productivity. stakeholder updates were provided on schedule and artifacts were archived,positive
the sprint included a mix of exploratory work and maintenance with standard reviews. performance optimizations delivered noticeable gains and reduced costs,neutral
stakeholder updates were provided on schedule and artifacts were archived. clear goals and documentation aligned the team and improved focus,neutral
clear goals and documentation aligned the team and improved focus. stakeholder updates were provided on schedule and artifacts were archived,positive
the sprint included a mix of exploratory work and maintenance with standard reviews. cross-team collaboration unblocked critical paths and accelerated delivery,neutral
tests executed as part of the routine pipeline and baseline metrics remained stable. automation reduced manual toil and boosted overall developer productivity,neutral
performance optimizations delivered noticeable gains and reduced costs. the sprint included a mix of exploratory work and maintenance with standard reviews,positive
stakeholder updates were provided on schedule and artifacts were archived. clear goals and documentation aligned the team and improved focus,neutral
"I strongly oppose this measure.. In practical terms, this means we can make better trade-offs and plan more effectively",negative
automation reduced manual toil and boosted overall developer productivity. work progressed according to the roadmap with minor adjustments and routine checks,positive
several dependencies were coordinated with external teams according to the plan. cross-team collaboration unblocked critical paths and accelerated delivery,neutral
performance optimizations delivered noticeable gains and reduced costs. the sprint included a mix of exploratory work and maintenance with standard reviews,positive
communication gaps between teams create duplicated work and conflicting priorities. the sprint included a mix of exploratory work and maintenance with standard reviews,negative
cross-team collaboration unblocked critical paths and accelerated delivery. the sprint included a mix of exploratory work and maintenance with standard reviews,positive
quality regressions remain unresolved despite multiple reports and the feedback loop is slow. several dependencies were coordinated with external teams according to the plan,negative
cross-team collaboration unblocked critical paths and accelerated delivery. stakeholder updates were provided on schedule and artifacts were archived,positive
"The timeline seems unrealistic for such a complex project.. In practical terms, this means we can make better trade-offs and plan more effectively",negative
several dependencies were coordinated with external teams according to the plan. performance optimizations delivered noticeable gains and reduced costs,neutral
"I'm concerned about the unintended consequences.. In practical terms, this means we can make better trade-offs and plan more effectively",negative
stakeholder updates were provided on schedule and artifacts were archived. cross-team collaboration unblocked critical paths and accelerated delivery,neutral
several dependencies were coordinated with external teams according to the plan. cross-team collaboration unblocked critical paths and accelerated delivery,neutral
automation reduced manual toil and boosted overall developer productivity. work progressed according to the roadmap with minor adjustments and routine checks,positive
several dependencies were coordinated with external teams according to the plan. cross-team collaboration unblocked critical paths and accelerated delivery,neutral
the latest release exceeded our reliability targets and improved customer satisfaction. work progressed according to the roadmap with minor adjustments and routine checks,positive
resource constraints and over-allocation are undermining predictability of delivery. work progressed according to the roadmap with minor adjustments and routine checks,negative
performance optimizations delivered noticeable gains and reduced costs. work progressed according to the roadmap with minor adjustments and routine checks,positive
several dependencies were coordinated with external teams according to the plan. the latest release exceeded our reliability targets and improved customer satisfaction,neutral
performance optimizations delivered noticeable gains and reduced costs. the sprint included a mix of exploratory work and maintenance with standard reviews,positive
quality regressions remain unresolved despite multiple reports and the feedback loop is slow. several dependencies were coordinated with external teams according to the plan,negative
the sprint included a mix of exploratory work and maintenance with standard reviews. the latest release exceeded our reliability targets and improved customer satisfaction,neutral
the sprint included a mix of exploratory work and maintenance with standard reviews. cross-team collaboration unblocked critical paths and accelerated delivery,neutral
performance optimizations delivered noticeable gains and reduced costs. several dependencies were coordinated with external teams according to the plan,positive
communication gaps between teams create duplicated work and conflicting priorities. work progressed according to the roadmap with minor adjustments and routine checks,negative
clear goals and documentation aligned the team and improved focus. several dependencies were coordinated with external teams according to the plan,positive
stakeholder updates were provided on schedule and artifacts were archived. performance optimizations delivered noticeable gains and reduced costs,neutral
cross-team collaboration unblocked critical paths and accelerated delivery. tests executed as part of the routine pipeline and baseline metrics remained stable,positive
significant delays across milestones and unclear ownership are causing repeated blockers. the sprint included a mix of exploratory work and maintenance with standard reviews,negative
"This proposal requires significant revision before approval.. In practical terms, this means we can make better trade-offs and plan more effectively",neutral
resource constraints and over-allocation are undermining predictability of delivery. tests executed as part of the routine pipeline and baseline metrics remained stable,negative
stakeholder updates were provided on schedule and artifacts were archived. clear goals and documentation aligned the team and improved focus,neutral
cross-team collaboration unblocked critical paths and accelerated delivery. several dependencies were coordinated with external teams according to the plan,positive
automation reduced manual toil and boosted overall developer productivity. tests executed as part of the routine pipeline and baseline metrics remained stable,positive
requirements keep changing without proper change control leading to scope creep. several dependencies were coordinated with external teams according to the plan,negative
stakeholder updates were provided on schedule and artifacts were archived. automation reduced manual toil and boosted overall developer productivity,neutral
communication gaps between teams create duplicated work and conflicting priorities. work progressed according to the roadmap with minor adjustments and routine checks,negative
communication gaps between teams create duplicated work and conflicting priorities. the sprint included a mix of exploratory work and maintenance with standard reviews,negative
"Fantastic progress on this important issue!. In practical terms, this means we can make better trade-offs and plan more effectively",positive
"This will create more problems than it solves.. In practical terms, this means we can make better trade-offs and plan more effectively",negative
clear goals and documentation aligned the team and improved focus. the sprint included a mix of exploratory work and maintenance with standard reviews,positive
significant delays across milestones and unclear ownership are causing repeated blockers. work progressed according to the roadmap with minor adjustments and routine checks,negative
cross-team collaboration unblocked critical paths and accelerated delivery. work progressed according to the roadmap with minor adjustments and routine checks,positive
"This initiative will transform our community for the better.. In practical terms, this means we can make better trade-offs and plan more effectively",positive
"I have mixed feelings about this proposal.. In practical terms, this means we can make better trade-offs and plan more effectively",neutral
communication gaps between teams create duplicated work and conflicting priorities. several dependencies were coordinated with external teams according to the plan,negative
clear goals and documentation aligned the team and improved focus. several dependencies were coordinated with external teams according to the plan,positive
quality regressions remain unresolved despite multiple reports and the feedback loop is slow. the sprint included a mix of exploratory work and maintenance with standard reviews,negative
several dependencies were coordinated with external teams according to the plan. clear goals and documentation aligned the team and improved focus,neutral
stakeholder updates were provided on schedule and artifacts were archived. clear goals and documentation aligned the team and improved focus,neutral
clear goals and documentation aligned the team and improved focus. several dependencies were coordinated with external teams according to the plan,positive
quality regressions remain unresolved despite multiple reports and the feedback loop is slow. stakeholder updates were provided on schedule and artifacts were archived,negative
tests executed as part of the routine pipeline and baseline metrics remained stable. clear goals and documentation aligned the team and improved focus,neutral
tests executed as part of the routine pipeline and baseline metrics remained stable. the latest release exceeded our reliability targets and improved customer satisfaction,neutral
requirements keep changing without proper change control leading to scope creep. the sprint included a mix of exploratory work and maintenance with standard reviews,negative
cross-team collaboration unblocked critical paths and accelerated delivery. the sprint included a mix of exploratory work and maintenance with standard reviews,positive
the latest release exceeded our reliability targets and improved customer satisfaction. stakeholder updates were provided on schedule and artifacts were archived,positive
the sprint included a mix of exploratory work and maintenance with standard reviews. performance optimizations delivered noticeable gains and reduced costs,neutral
"Good start, but needs refinement.. In practical terms, this means we can make better trade-offs and plan more effectively",neutral
communication gaps between teams create duplicated work and conflicting priorities. work progressed according to the roadmap with minor adjustments and routine checks,negative
the latest release exceeded our reliability targets and improved customer satisfaction. tests executed as part of the routine pipeline and baseline metrics remained stable,positive
requirements keep changing without proper change control leading to scope creep. stakeholder updates were provided on schedule and artifacts were archived,negative
significant delays across milestones and unclear ownership are causing repeated blockers. several dependencies were coordinated with external teams according to the plan,negative
requirements keep changing without proper change control leading to scope creep. work progressed according to the roadmap with minor adjustments and routine checks,negative
resource constraints and over-allocation are undermining predictability of delivery. the sprint included a mix of exploratory work and maintenance with standard reviews,negative
significant delays across milestones and unclear ownership are causing repeated blockers. work progressed according to the roadmap with minor adjustments and routine checks,negative
"This represents a balanced approach to a complex issue.. In practical terms, this means we can make better trade-offs and plan more effectively",positive
significant delays across milestones and unclear ownership are causing repeated blockers. stakeholder updates were provided on schedule and artifacts were archived,negative
automation reduced manual toil and boosted overall developer productivity. the sprint included a mix of exploratory work and maintenance with standard reviews,positive
clear goals and documentation aligned the team and improved focus. stakeholder updates were provided on schedule and artifacts were archived,positive
communication gaps between teams create duplicated work and conflicting priorities. several dependencies were coordinated with external teams according to the plan,negative
resource constraints and over-allocation are undermining predictability of delivery. several dependencies were coordinated with external teams according to the plan,negative
work progressed according to the roadmap with minor adjustments and routine checks. performance optimizations delivered noticeable gains and reduced costs,neutral
requirements keep changing without proper change control leading to scope creep. tests executed as part of the routine pipeline and baseline metrics remained stable,negative
"I'm not sure this will work as intended.. In practical terms, this means we can make better trade-offs and plan more effectively",neutral
the latest release exceeded our reliability targets and improved customer satisfaction. stakeholder updates were provided on schedule and artifacts were archived,positive
tests executed as part of the routine pipeline and baseline metrics remained stable. cross-team collaboration unblocked critical paths and accelerated delivery,neutral
tests executed as part of the routine pipeline and baseline metrics remained stable. clear goals and documentation aligned the team and improved focus,neutral
automation reduced manual toil and boosted overall developer productivity. tests executed as part of the routine pipeline and baseline metrics remained stable,positive
quality regressions remain unresolved despite multiple reports and the feedback loop is slow. work progressed according to the roadmap with minor adjustments and routine checks,negative
work progressed according to the roadmap with minor adjustments and routine checks. the latest release exceeded our reliability targets and improved customer satisfaction,neutral
resource constraints and over-allocation are undermining predictability of delivery. tests executed as part of the routine pipeline and baseline metrics remained stable,negative
clear goals and documentation aligned the team and improved focus. work progressed according to the roadmap with minor adjustments and routine checks,positive
stakeholder updates were provided on schedule and artifacts were archived. cross-team collaboration unblocked critical paths and accelerated delivery,neutral
quality regressions remain unresolved despite multiple reports and the feedback loop is slow. several dependencies were coordinated with external teams according to the plan,negative
cross-team collaboration unblocked critical paths and accelerated delivery. the sprint included a mix of exploratory work and maintenance with standard reviews,positive
resource constraints and over-allocation are undermining predictability of delivery. the sprint included a mix of exploratory work and maintenance with standard reviews,negative
"Great initiative for renewable energy!. In practical terms, this means we can make better trade-offs and plan more effectively",positive
the sprint included a mix of exploratory work and maintenance with standard reviews. automation reduced manual toil and boosted overall developer productivity,neutral
performance optimizations delivered noticeable gains and reduced costs. stakeholder updates were provided on schedule and artifacts were archived,positive
significant delays across milestones and unclear ownership are causing repeated blockers. tests executed as part of the routine pipeline and baseline metrics remained stable,negative
"This is a terrible idea that will hurt everyone.. In practical terms, this means we can make better trade-offs and plan more effectively",negative
clear goals and documentation aligned the team and improved focus. several dependencies were coordinated with external teams according to the plan,positive
work progressed according to the roadmap with minor adjustments and routine checks. automation reduced manual toil and boosted overall developer productivity,neutral
automation reduced manual toil and boosted overall developer productivity. several dependencies were coordinated with external teams according to the plan,positive
quality regressions remain unresolved despite multiple reports and the feedback loop is slow. work progressed according to the roadmap with minor adjustments and routine checks,negative
stakeholder updates were provided on schedule and artifacts were archived. cross-team collaboration unblocked critical paths and accelerated delivery,neutral
clear goals and documentation aligned the team and improved focus. stakeholder updates were provided on schedule and artifacts were archived,positive
