id,text,label
1,"I support this amendment to the healthcare bill.",positive
2,"This proposal needs more consideration before implementation.",neutral
3,"The environmental impact is concerning.",negative
4,"Great initiative for renewable energy!",positive
5,"I disagree with the proposed tax changes.",negative
6,"This policy will benefit small businesses significantly.",positive
7,"The timeline seems unrealistic for such a complex project.",negative
8,"Excellent work on addressing community concerns.",positive
9,"More transparency is needed in the decision-making process.",neutral
10,"I have mixed feelings about this proposal.",neutral
11,"This is a terrible idea that will hurt everyone.",negative
12,"Outstanding proposal with clear benefits for all stakeholders.",positive
13,"The implementation details are unclear and concerning.",negative
14,"This represents a balanced approach to a complex issue.",positive
15,"I'm not sure this will work as intended.",neutral
16,"Fantastic progress on this important issue!",positive
17,"The costs are too high for the expected benefits.",negative
18,"This seems like a reasonable compromise.",positive
19,"More research is needed before moving forward.",neutral
20,"I strongly oppose this measure.",negative
21,"This will create more problems than it solves.",negative
22,"A well-thought-out solution to a pressing problem.",positive
23,"The proposal lacks sufficient detail for evaluation.",neutral
24,"This is exactly what we need right now.",positive
25,"The potential negative consequences are too significant.",negative
26,"Good start, but needs refinement.",neutral
27,"This initiative will transform our community for the better.",positive
28,"I'm concerned about the unintended consequences.",negative
29,"A thoughtful approach to addressing this challenge.",positive
30,"This proposal requires significant revision before approval.",neutral
